"event","experiment time","system time","system time text"
"START",0.000000000000000E0,1.709293938146644E9,"2024-03-01 13:52:18.147 UTC+02:00"
