"event","experiment time","system time","system time text"
"START",0.000000000000000E0,1.708091804195116E9,"2024-02-16 15:56:44.195 UTC+02:00"
