"event","experiment time","system time","system time text"
"START",0.000000000000000E0,1.709302862613031E9,"2024-03-01 16:21:02.613 UTC+02:00"
