"event","experiment time","system time","system time text"
"START",0.000000000000000E0,1.709301104350954E9,"2024-03-01 15:51:44.351 UTC+02:00"
