"event","experiment time","system time","system time text"
"START",0.000000000000000E0,1.709112808198793E9,"2024-02-28 11:33:28.199 UTC+02:00"
