"event","experiment time","system time","system time text"
"START",0.000000000000000E0,1.709299187509015E9,"2024-03-01 15:19:47.509 UTC+02:00"
